HRU_id,new_lulc
867,urld
229,urhd
1501,urhd
2293,urhd
60,frsd
61,frsd
49,frsd
50,frsd
5,frsd
16,frsd
19,frsd
20,frsd
26,frsd
27,frsd
35,frsd
36,frsd
42,frsd
44,frsd
45,frsd
46,frsd
62,frsd
63,frsd
69,frsd
70,frsd
102,frsd
103,frsd
104,frsd
106,frsd
107,frsd
108,frsd
118,frsd
119,frsd
126,frsd
127,frsd
128,frsd
129,frsd
130,frsd
133,frsd
135,frsd
136,frsd
137,frsd
138,frsd
147,frsd
148,frsd
149,frsd
150,frsd
151,frsd
152,frsd
153,frsd
154,frsd
155,frsd
156,frsd
163,frsd
164,frsd
165,frsd
166,frsd
167,frsd
168,frsd
169,frsd
170,frsd
171,frsd
178,frsd
179,frsd
180,frsd
181,frsd
182,frsd
183,frsd
192,frsd
201,frsd
202,frsd
203,frsd
204,frsd
205,frsd
206,frsd
209,frsd
210,frsd
211,frsd
215,frsd
217,frsd
218,frsd
219,frsd
220,frsd
221,frsd
222,frsd
230,frsd
234,frsd
293,frsd
294,frsd
295,frsd
296,frsd
297,frsd
281,frsd
282,frsd
268,frsd
269,frsd
283,frsd
284,frsd
258,frsd
259,frsd
260,frsd
266,frsd
239,frsd
240,frsd
243,frsd
244,frsd
245,frsd
246,frsd
247,frsd
311,frsd
312,frsd
307,frsd
308,frsd
309,frsd
310,frsd
313,frsd
314,frsd
315,frsd
316,frsd
317,frsd
328,frsd
329,frsd
330,frsd
331,frsd
332,frsd
333,frsd
334,frsd
335,frsd
327,frsd
344,frsd
348,frsd
349,frsd
364,frsd
380,frsd
381,frsd
382,frsd
383,frsd
384,frsd
386,frsd
387,frsd
388,frsd
389,frsd
391,frsd
392,frsd
393,frsd
394,frsd
395,frsd
396,frsd
431,frsd
436,frsd
439,frsd
397,frsd
398,frsd
403,frsd
404,frsd
406,frsd
407,frsd
408,frsd
409,frsd
410,frsd
411,frsd
412,frsd
413,frsd
414,frsd
415,frsd
416,frsd
417,frsd
418,frsd
420,frsd
421,frsd
422,frsd
428,frsd
450,frsd
452,frsd
545,frsd
469,frsd
477,frsd
478,frsd
491,frsd
497,frsd
498,frsd
499,frsd
500,frsd
506,frsd
507,frsd
513,frsd
527,frsd
539,frsd
540,frsd
562,frsd
563,frsd
564,frsd
565,frsd
568,frsd
574,frsd
575,frsd
578,frsd
579,frsd
606,frsd
596,frsd
597,frsd
617,frsd
618,frsd
620,frsd
622,frsd
626,frsd
627,frsd
628,frsd
632,frsd
633,frsd
634,frsd
635,frsd
637,frsd
638,frsd
641,frsd
643,frsd
646,frsd
647,frsd
648,frsd
651,frsd
652,frsd
653,frsd
654,frsd
655,frsd
660,frsd
661,frsd
662,frsd
663,frsd
667,frsd
668,frsd
669,frsd
670,frsd
678,frsd
679,frsd
680,frsd
681,frsd
682,frsd
683,frsd
684,frsd
692,frsd
693,frsd
709,frsd
715,frsd
720,frsd
721,frsd
722,frsd
723,frsd
728,frsd
729,frsd
730,frsd
733,frsd
735,frsd
736,frsd
779,frsd
777,frsd
741,frsd
742,frsd
743,frsd
744,frsd
745,frsd
749,frsd
752,frsd
758,frsd
759,frsd
760,frsd
761,frsd
767,frsd
768,frsd
769,frsd
770,frsd
771,frsd
810,frsd
811,frsd
804,frsd
778,frsd
795,frsd
799,frsd
809,frsd
834,frsd
841,frsd
815,frsd
818,frsd
824,frsd
827,frsd
852,frsd
877,frsd
878,frsd
879,frsd
880,frsd
881,frsd
882,frsd
892,frsd
893,frsd
897,frsd
898,frsd
900,frsd
901,frsd
902,frsd
903,frsd
904,frsd
905,frsd
906,frsd
907,frsd
908,frsd
910,frsd
911,frsd
912,frsd
913,frsd
914,frsd
915,frsd
920,frsd
932,frsd
933,frsd
934,frsd
971,frsd
940,frsd
1006,frsd
1007,frsd
949,frsd
954,frsd
955,frsd
976,frsd
977,frsd
986,frsd
1021,frsd
1022,frsd
1023,frsd
1024,frsd
1031,frsd
1032,frsd
1033,frsd
1034,frsd
1035,frsd
1036,frsd
1037,frsd
1057,frsd
1058,frsd
1062,frsd
1063,frsd
1069,frsd
1070,frsd
1071,frsd
1072,frsd
1073,frsd
1074,frsd
1075,frsd
1077,frsd
1078,frsd
1079,frsd
1105,frsd
1106,frsd
1107,frsd
1108,frsd
1109,frsd
1110,frsd
1111,frsd
1112,frsd
1113,frsd
1114,frsd
1115,frsd
1116,frsd
1119,frsd
1125,frsd
1126,frsd
1127,frsd
1128,frsd
1129,frsd
1136,frsd
1147,frsd
1148,frsd
1157,frsd
1158,frsd
1159,frsd
1160,frsd
1161,frsd
1162,frsd
1163,frsd
1164,frsd
1165,frsd
1166,frsd
1170,frsd
1171,frsd
1172,frsd
1173,frsd
1177,frsd
1179,frsd
1189,frsd
1190,frsd
1206,frsd
1207,frsd
1208,frsd
1209,frsd
1210,frsd
1211,frsd
1212,frsd
1213,frsd
1214,frsd
1215,frsd
1219,frsd
1220,frsd
1228,frsd
1233,frsd
1291,frsd
1284,frsd
1292,frsd
1281,frsd
1282,frsd
1241,frsd
1251,frsd
1254,frsd
1255,frsd
1266,frsd
1267,frsd
1268,frsd
1269,frsd
1296,frsd
1297,frsd
1298,frsd
1304,frsd
1305,frsd
1306,frsd
1307,frsd
1315,frsd
1316,frsd
1317,frsd
1318,frsd
1327,frsd
1328,frsd
1329,frsd
1330,frsd
1332,frsd
1333,frsd
1334,frsd
1335,frsd
1336,frsd
1337,frsd
1340,frsd
1341,frsd
1346,frsd
1347,frsd
1348,frsd
1349,frsd
1350,frsd
1351,frsd
1355,frsd
1356,frsd
1357,frsd
1359,frsd
1392,frsd
1393,frsd
1394,frsd
1395,frsd
1402,frsd
1388,frsd
1389,frsd
1390,frsd
1391,frsd
1404,frsd
1405,frsd
1367,frsd
1368,frsd
1372,frsd
1375,frsd
1376,frsd
1406,frsd
1420,frsd
1421,frsd
1422,frsd
1408,frsd
1409,frsd
1428,frsd
1429,frsd
1433,frsd
1438,frsd
1439,frsd
1440,frsd
1441,frsd
1451,frsd
1452,frsd
1453,frsd
1454,frsd
1455,frsd
1456,frsd
1459,frsd
1460,frsd
1461,frsd
1462,frsd
1463,frsd
1464,frsd
1465,frsd
1466,frsd
1467,frsd
1468,frsd
1478,frsd
1479,frsd
1480,frsd
1481,frsd
1483,frsd
1484,frsd
1485,frsd
1493,frsd
1497,frsd
1498,frsd
1499,frsd
1500,frsd
1515,frsd
1518,frsd
1519,frsd
1523,frsd
1566,frsd
1567,frsd
1562,frsd
1560,frsd
1561,frsd
1530,frsd
1535,frsd
1538,frsd
1576,frsd
1577,frsd
1573,frsd
1571,frsd
1572,frsd
1605,frsd
1606,frsd
1607,frsd
1597,frsd
1598,frsd
1599,frsd
1600,frsd
1601,frsd
1602,frsd
1603,frsd
1545,frsd
1546,frsd
1547,frsd
1548,frsd
1549,frsd
1550,frsd
1579,frsd
1580,frsd
1581,frsd
1584,frsd
1587,frsd
1628,frsd
1635,frsd
1654,frsd
1655,frsd
1656,frsd
1670,frsd
1667,frsd
1663,frsd
1664,frsd
1639,frsd
1640,frsd
1642,frsd
1643,frsd
1644,frsd
1646,frsd
1647,frsd
1648,frsd
1649,frsd
1673,frsd
1674,frsd
1675,frsd
1676,frsd
1677,frsd
1682,frsd
1683,frsd
1687,frsd
1688,frsd
1692,frsd
1693,frsd
1694,frsd
1695,frsd
1696,frsd
1699,frsd
1704,frsd
1707,frsd
1714,frsd
1716,frsd
1722,frsd
1723,frsd
1724,frsd
1729,frsd
1730,frsd
1731,frsd
1732,frsd
1733,frsd
1734,frsd
1736,frsd
1739,frsd
1740,frsd
1741,frsd
1742,frsd
1743,frsd
1746,frsd
1747,frsd
1752,frsd
1839,frsd
1840,frsd
1827,frsd
1828,frsd
1829,frsd
1779,frsd
1780,frsd
1774,frsd
1775,frsd
1766,frsd
1767,frsd
1772,frsd
1781,frsd
1782,frsd
1783,frsd
1784,frsd
1785,frsd
1786,frsd
1787,frsd
1788,frsd
1789,frsd
1790,frsd
1791,frsd
1800,frsd
1801,frsd
1802,frsd
1803,frsd
1804,frsd
1805,frsd
1815,frsd
1816,frsd
1826,frsd
1849,frsd
1871,frsd
1879,frsd
1887,frsd
1889,frsd
1896,frsd
1897,frsd
1898,frsd
1901,frsd
1902,frsd
1903,frsd
1904,frsd
1905,frsd
1906,frsd
1907,frsd
1908,frsd
1909,frsd
1910,frsd
1915,frsd
1927,frsd
1928,frsd
1929,frsd
1930,frsd
1931,frsd
1933,frsd
1934,frsd
1935,frsd
1936,frsd
1941,frsd
1942,frsd
1943,frsd
1944,frsd
1945,frsd
1946,frsd
1947,frsd
1948,frsd
1949,frsd
1950,frsd
1951,frsd
1952,frsd
1953,frsd
1957,frsd
1958,frsd
1959,frsd
1960,frsd
1961,frsd
1962,frsd
1963,frsd
1967,frsd
1968,frsd
1969,frsd
1970,frsd
1971,frsd
1972,frsd
1974,frsd
1975,frsd
2033,frsd
2034,frsd
2035,frsd
2036,frsd
2037,frsd
2024,frsd
2025,frsd
2026,frsd
2041,frsd
2047,frsd
2048,frsd
1989,frsd
1990,frsd
1991,frsd
1996,frsd
1997,frsd
1998,frsd
2000,frsd
2005,frsd
2008,frsd
2009,frsd
2010,frsd
2013,frsd
2022,frsd
2049,frsd
2056,frsd
2059,frsd
2060,frsd
2061,frsd
2062,frsd
2063,frsd
2064,frsd
2065,frsd
2066,frsd
2069,frsd
2070,frsd
2080,frsd
2092,frsd
2093,frsd
2094,frsd
2145,frsd
2146,frsd
2147,frsd
2148,frsd
2149,frsd
2150,frsd
2151,frsd
2152,frsd
2140,frsd
2143,frsd
2160,frsd
2161,frsd
2166,frsd
2167,frsd
2168,frsd
2172,frsd
2191,frsd
2192,frsd
2203,frsd
2177,frsd
2109,frsd
2110,frsd
2111,frsd
2115,frsd
2116,frsd
2117,frsd
2118,frsd
2119,frsd
2120,frsd
2121,frsd
2122,frsd
2124,frsd
2128,frsd
2129,frsd
2130,frsd
2131,frsd
2132,frsd
2136,frsd
2137,frsd
2284,frsd
2285,frsd
2286,frsd
2287,frsd
2288,frsd
2289,frsd
2272,frsd
2273,frsd
2274,frsd
2222,frsd
2223,frsd
2224,frsd
2225,frsd
2226,frsd
2227,frsd
2228,frsd
2229,frsd
2234,frsd
2235,frsd
2236,frsd
2237,frsd
2238,frsd
2239,frsd
2240,frsd
2241,frsd
2242,frsd
2243,frsd
2244,frsd
2245,frsd
2216,frsd
2255,frsd
2260,frsd
2261,frsd
2262,frsd
2267,frsd
2374,frsd
2375,frsd
2376,frsd
2364,frsd
2366,frsd
2367,frsd
2368,frsd
2314,frsd
2315,frsd
2316,frsd
2317,frsd
2324,frsd
2328,frsd
2335,frsd
2336,frsd
2337,frsd
2338,frsd
2340,frsd
2352,frsd
2346,frsd
2344,frsd
2360,frsd
2386,frsd
2391,frsd
2392,frsd
2393,frsd
2394,frsd
2395,frsd
2403,frsd
2404,frsd
2405,frsd
2408,frsd
2415,frsd
2417,frsd
2418,frsd
2419,frsd
2427,frsd
2443,frsd
2444,frsd
2445,frsd
2446,frsd
2433,frsd
2434,frsd
2435,frsd
2436,frsd
2437,frsd
2432,frsd
2453,frsd
2454,frsd
2463,frsd
2470,frsd
2524,frsd
2526,frsd
2533,frsd
2484,frsd
2487,frsd
2490,frsd
2492,frsd
2493,frsd
2521,frsd
2522,frsd
2505,frsd
2536,frsd
2544,frsd
2550,frsd
2603,frsd
2604,frsd
2612,frsd
2613,frsd
2620,frsd
48,frsd
47,frsd
290,frsd
267,frsd
251,frsd
265,frsd
261,frsd
424,frsd
425,frsd
435,frsd
434,frsd
433,frsd
534,frsd
533,frsd
541,frsd
542,frsd
776,frsd
786,frsd
787,frsd
835,frsd
850,frsd
854,frsd
858,frsd
851,frsd
859,frsd
1002,frsd
1386,frsd
1387,frsd
1373,frsd
1374,frsd
1377,frsd
1417,frsd
1412,frsd
1416,frsd
1415,frsd
1413,frsd
1414,frsd
1407,frsd
1427,frsd
1425,frsd
1424,frsd
1423,frsd
1570,frsd
1593,frsd
1617,frsd
1825,frsd
1824,frsd
1773,frsd
2039,frsd
2142,frsd
2165,frsd
2164,frsd
2176,frsd
2175,frsd
2359,frsd
2431,frsd
2523,frsd
2525,frsd
2532,frsd
2531,frsd
2495,frsd
2504,frsd
2518,frsd
2520,frsd
2519,frsd
2506,frsd
2507,frsd
2312,frst
2308,frst
2425,past
2426,past
2483,past
214,agrl
216,agrl
442,agrl
1257,agrl
1272,agrl
1531,agrl
1537,agrl
1671,agrl
2015,agrl
2135,agrl
2221,agrl
1662,agrl
